{
  "rewards": [
    -1941.9721642426803,
    -1941.9721642426803,
    -1941.9721642426803
  ],
  "lengths": [
    49999,
    49999,
    49999
  ],
  "errors": [
    24.963439380587495,
    24.963439380587495,
    24.963439380587495
  ],
  "total_time": 655.9377906322479
}