,junction_width_nm,junction_length_nm,pad_area_um2,gap_to_ground_um,finger_length_um,finger_width_um,finger_count,finger_gap_um,hbar_thickness_um,beam_length_um,beam_width_um
count,10000.0,10000.0,10000.0,10000.0,10000.0,10000.0,10000.0,10000.0,10000.0,10000.0,10000.0
mean,299.2369,199.9149,124.9379,30.1378,54.9158,6.0055,10.9308,4.9825,12.5051,272.8989,17.5518
std,115.50438565137026,57.81588990669062,43.823487919143766,11.820515370251918,26.330257093387075,2.592632238515987,5.4762039992155245,1.9965451082399626,4.571286870933133,130.72583296017018,7.52740213741061
min,100.0,100.0,50.0,10.0,10.0,2.0,2.0,2.0,5.0,50.0,5.0
25%,199.0,150.0,87.0,20.0,32.0,4.0,6.0,3.0,9.0,159.0,11.0
50%,300.0,200.0,124.0,30.0,55.0,6.0,11.0,5.0,13.0,271.0,18.0
75%,398.0,251.0,163.0,40.0,78.0,8.0,16.0,7.0,16.0,387.0,24.0
max,500.0,300.0,200.0,50.0,100.0,10.0,20.0,8.0,20.0,500.0,30.0
