N_m,Mean_E_N,Std_E_N,Percent_Change
10,0.000000,0.000000,nan
15,0.000000,0.000000,nan
20,0.000000,0.000000,nan
25,0.000000,0.000000,nan
30,0.000000,0.000000,nan
