{
  "p_values": [
    0.0,
    0.01,
    0.02,
    0.03,
    0.04,
    0.05
  ],
  "fidelities": [
    1.0,
    0.5066399574279785,
    0.3368021249771118,
    0.27901098132133484,
    0.2595786452293396,
    0.2531232237815857
  ],
  "theoretical_max": [
    1.0,
    0.9866666666666667,
    0.9733333333333334,
    0.96,
    0.9466666666666667,
    0.9333333333333333
  ]
}