{
  "p": [
    0.0,
    0.01,
    0.02,
    0.03,
    0.04,
    0.05
  ],
  "mean_fidelity": [
    1.0,
    0.9925000071525574,
    0.9850000143051147,
    0.9775000214576721,
    0.9699999690055847,
    0.9624999761581421
  ],
  "std_fidelity": [
    0.0,
    0.0,
    0.0,
    0.0,
    0.0,
    0.0
  ]
}